Budget,Genetic,Greedy,Hoogeveen
10,7.29028,8.3007e-05,0.168449
20,5.84751,8.0122e-05,0.151025
30,9.61685,7.9646e-05,0.143979
40,8.05927,6.1323e-05,0.160073
50,8.25375,7.6002e-05,0.158881
60,28.3474,8.0042e-05,0.187721
70,40.1097,8.0974e-05,0.162098
80,47.8141,7.5108e-05,0.165865
90,67.0257,0.00010839,0.169226
100,57.2587,8.9158e-05,0.197128
